chat_id,user,text,time,attach
0000001,admin,Hi,1687946860,0
0000001,llm,LLM Reply,1687946860,0
0000001,admin,Bye,1688316805,0
0000001,llm,LLM Reply: Bye,1688316805,0
0000001,admin,Hello,1688316809,0
0000001,llm,LLM Reply: Hello,1688316810,0
0000001,admin,Bye,1688316820,0
0000001,llm,LLM Reply: Bye,1688316820,0
0000002,admin,Hi,1688316854,0
0000002,llm,LLM Reply: Hi,1688316854,0
0000003,admin,Bye,1688316865,0
0000003,llm,LLM Reply: Bye,1688316865,0
0000004,admin,Hello,1688316878,0
0000004,llm,LLM Reply: Hello,1688316878,0
0000001,admin,Asia Vets price spiked recenty on 5th July 2023. Is there a need to investigate further,1688542436,0
0000001,llm,"Yes, there is a need to investigate further when there is a significant price spike in a stock. However, it is important to gather more information before concluding if there is any illegal insider trading involved. Here are some steps we can take to investigate further:

1. Analyze the trading volume: We need to determine if there was a significant increase in trading volume on the day of the price spike. Unusually high trading volume can indicate the presence of insider trading.

2. Look for any news or announcements: We should check if there were any significant news or announcements related to Asia Vets on or around the 5th of July 2023. This could include earnings reports, mergers, acquisitions, or any other material information that could have influenced the stock price.

3. Investigate trading patterns: We need to examine the trading patterns of insiders, such as company executives, directors, or major shareholders, leading up to the price spike. If there is evidence of unusual trading activity by insiders, it could suggest insider trading.

4. Review trading records: We should review the trading records of individuals or entities who may have had access to non-public information about Asia Vets. This includes employees, consultants, or anyone with a close relationship to the company. Any suspicious trading activities should be thoroughly examined.

5. Conduct interviews and gather evidence: We may need to interview relevant individuals, such as company employees, to gather more information about any potential insider trading activities. Additionally, we should collect any other evidence, such as emails, phone records, or financial statements, that could support our investigation.

By following these steps, we can gather more information and evidence to determine if there is any illegal insider trading involved in the price spike of Asia Vets on the 5th of July 2023.",1688542445,0
0000003,admin,Hello,1688640332,0
0000003,llm,Hello! How can I assist you today?,1688640334,0
0000001,admin,hi,1688658413,0
0000001,admin,Identify from the following data if there is any possibility of insider trade: Company: Microsoft Date 25-06-2023,1688726327,0
0000001,llm,"To determine if there is any possibility of insider trading in the given scenario, we would need additional information. Specifically, we would need information about any significant events or announcements related to Microsoft that occurred around the date mentioned (25-06-2023). 

Insider trading refers to the buying or selling of a company's securities based on material non-public information. To assess if insider trading may have occurred, we need to consider if any insiders had access to material non-public information about Microsoft that could have influenced their trading decisions.

Please provide any additional information about significant events, announcements, or insider activities related to Microsoft around the date mentioned (25-06-2023).",1688726331,0
0000001,admin,"If $68.7 Billion Activision Blizzard Deal Dies, Microsoft’s Stock Is Likely To Rise",1688726396,0
0000001,llm,"As a financial fraud investigator, I can provide insights on insider trading, but I cannot predict the future movement of stock prices or the outcome of specific deals. However, I can guide you on how to investigate potential insider trading in such situations.

To determine if there is any illegal insider trading related to the Activision Blizzard deal and its potential impact on Microsoft's stock, we would need to gather the following information:

1. Trading Patterns: We need to analyze the trading patterns of Microsoft's stock leading up to the announcement of the deal and any subsequent developments. This includes looking for any unusual or significant trading volume, price movements, or timing of trades.

2. Regulatory Filings: We should review the regulatory filings of Microsoft and any insiders involved in the deal, such as company executives or board members. This includes examining their trading activities, including any purchases or sales of Microsoft's stock during the relevant period.

3. News and Rumors: We should assess the public information available regarding the Activision Blizzard deal and its potential impact on Microsoft's stock. This includes analyzing news articles, press releases, analyst reports, and any rumors or market speculation.

4. Communication Analysis: We should investigate any communication channels used by insiders, such as emails, instant messages, or phone records, to identify any potential non-public information being shared or acted upon.

5. Relationship Analysis: We should examine the relationships between individuals involved in the deal, including Microsoft executives, Activision Blizzard executives, and any other relevant parties. This includes assessing any personal or professional connections that could suggest the potential for insider trading.

By conducting a thorough investigation and gathering the necessary quantitative and qualitative data, we can determine if there is any evidence of illegal insider trading related to the Activision Blizzard deal and its potential impact on Microsoft's stock.",1688726405,0
0000001,admin,Identify from the following data if there is any possibility of insider trade Company: Microsoft Date: 2023-06-25,1688726536,0
0000001,llm,"To determine if there is any possibility of insider trading in Microsoft on the date mentioned (2023-06-25), we would need the following information:

1. Trading Data: We need the trading data for Microsoft on the specified date, including the opening price, closing price, highest price, lowest price, and trading volume. This data will help us analyze any abnormal trading patterns or significant price movements.

2. News or Announcements: We need to check if there were any significant news or announcements related to Microsoft on or around the specified date. This includes any material information that could potentially impact the stock price.

3. Insider Trading Policies: We need to review Microsoft's insider trading policies and procedures to understand the rules and regulations governing insider trading within the company. This will help us determine if any insiders violated these policies.

4. Insider Trading Records: We need access to Microsoft's insider trading records, including the trading activities of company insiders such as executives, directors, and employees. This will allow us to identify any suspicious trading activities by insiders around the specified date.

Once we have access to this information, we can analyze the trading data, news or announcements, insider trading policies, and insider trading records to determine if there is any possibility of insider trading in Microsoft on the specified date.",1688726543,0
0000001,admin,Identify from the following data if there is any possibility of insider trade: Company GOOG Date 2023-07-05 HighPrice 123 LowPrice 120 openPrice 120 closePrice 122 VolumeOfShares 12243970,1688727763,0
0000001,llm,"To determine if there is any possibility of insider trading, we need to analyze the given data and consider several factors. 

1. Price Movement: We need to examine the price movement of the stock on the given date. Calculate the price change by subtracting the low price from the high price. In this case, the price change is 123 - 120 = 3.

2. Volume of Shares: We also need to consider the volume of shares traded on the given date. In this case, the volume of shares traded is 12,243,970.

3. News or Announcements: Check if there were any significant news or announcements related to the company on or before the given date. This information is crucial as it can help identify if any insider information was disclosed.

4. Comparison with Historical Data: Compare the price movement and volume of shares traded on the given date with historical data for the company. This will help identify if the price movement and trading volume are abnormal or unusual compared to previous trading patterns.

Based on the given data, we can calculate the price change and volume of shares traded. However, we need additional information such as historical data, news or announcements related to the company, and any other relevant information to determine if there is any possibility of insider trading.",1688727771,0
0000006,admin,Hi,1688730882,0
0000006,llm,Hello! How can I assist you today?,1688730883,0
0000006,admin,Who are you,1688730895,0
0000006,llm,I am an experienced financial fraud investigator specializing in insider trading. I am leading a team of junior investigators in investigating insider trading cases.,1688730897,0
0000006,admin,How accurate are you predictions,1688730933,0
0000006,llm,"As a financial fraud investigator, my role is to investigate and gather evidence of insider trading rather than make predictions. I analyze data and information to determine if there are any suspicious trading activities that may indicate insider trading. The accuracy of my findings depends on the quality and availability of the data and information I have access to, as well as the thoroughness of the investigation conducted. It is important to note that my findings are based on the evidence available at the time of the investigation and may be subject to change if new information emerges.",1688730937,0
0000006,llm,"As a financial fraud investigator, my role is to investigate and uncover evidence of insider trading rather than make predictions. Therefore, I do not make predictions about the accuracy of my investigations. My focus is on gathering and analyzing data to determine if there is any illegal insider trading activity.",1688730939,0
0000006,admin,How accurate are you predictions,1688730939,0
0000006,llm,"As a financial fraud investigator, my role is to investigate and gather evidence of insider trading rather than make predictions. I analyze data and information to determine if there are any suspicious trading activities that may indicate insider trading. The accuracy of my findings depends on the quality and availability of the data and information I have access to, as well as the thoroughness of the investigation conducted. It is important to note that my findings are based on the evidence available at the time of the investigation and may be subject to change if new information emerges.",1688730945,0
0000006,llm,"As a financial fraud investigator, my role is to investigate and uncover evidence of insider trading rather than make predictions. Therefore, I do not make predictions about the accuracy of my investigations. My focus is on gathering and analyzing data to determine if there is any illegal insider trading activity.",1688730947,0
0000006,admin,How accurate are you predictions,1688730947,0
0000006,llm,"As a financial fraud investigator, my role is to investigate and gather evidence of insider trading rather than make predictions. I analyze data and information to determine if there are any suspicious trading activities that may indicate insider trading. The accuracy of my findings depends on the quality and availability of the data and information I have access to, as well as the thoroughness of the investigation conducted. It is important to note that my findings are based on the evidence available at the time of the investigation and may be subject to change if new information emerges.",1688730950,0
0000001,admin,Identify if there is any possibility of insider trade for the trade of shares of AMZN on date 2023-07-05,1688812719,0
0000001,llm,"As per our investigations, we detected the presence of a financial fraud after analyzing the price related information that you have given. On further investigation and searching, we found that there was a public announcement regarding the AMZN shares on date 2023-07-03T21:45:23+00:00. The trade happened on date 2023-07-05,2023-06-05. Since the announcement was made after the date of trade and price fluctuations also indicate the presence of a fraud. Hence, we conclude that this trade can be a potential case of an insider trade...The changes in the AMZN stock prices can be attributed to various factors. It is important to note that stock prices are influenced by market conditions, investor sentiment, company performance, and other external factors.

In the given search results, we can see that the stock price of Amazon (AMZN) experienced both positive and negative movements in recent trading sessions. On one occasion, the stock closed at $130.22, moving -0.11% from the previous trading session[^1^]. On another occasion, it closed at $129.18, marking a +1.45% move from the prior day[^2^].

To gain a deeper understanding of the specific factors that caused these changes, it is recommended to read the full articles from the search results. The articles provide detailed analysis and insights into the market gains and outpacing of stock market gains by Amazon (AMZN). Here are the links to the articles for further information:

1. [Amazon (AMZN) Stock Sinks As Market Gains: What You Should Know](https://www.zacks.com/stock/news/2116208/amazon-amzn-stock-sinks-as-market-gains-what-you-should-know?cid=CS-ZC-FT-tale_of_the_tape%7Cyseop_template_6-2116208)
2. [Amazon (AMZN) Outpaces Stock Market Gains: What You Should Know](https://www.zacks.com/stock/news/2113844/amazon-amzn-outpaces-stock-market-gains-what-you-should-know?cid=CS-ZC-FT-tale_of_the_tape%7Cyseop_template_6-2113844)

These articles will provide a comprehensive analysis of the factors influencing the changes in AMZN stock prices.",1688812736,0
0000001,admin,Identify if there is any possibility of insider trade for the trade of shares of META on date 2023-07-04,1688820726,0
0000006,admin,Identify if there is any possibility of insider trade for the trade of shares of AAPL on date 2023-07-05,1688824470,0
0000006,llm,"As per our investigations and calculations, the provided trade does not indicate any drastic price fluctuations in the stock prices of AAPL. Hence, we conclude that there is not a possibility of an insider trade in this case.",1688824470,0
0000006,admin,Identify if there is any possibility of insider trade for the trade of shares of AMZN on date 2023-07-05,1688824483,0
0000001,admin,Identify if there is any possibility of insider trade for the trade of shares of C on date 2023-07-05,1689095258,0
0000001,llm,"As per our investigations, we detected the presence of a financial fraud after analyzing the price related information that you have given. On further investigation and searching, we found that there was a public announcement regarding the C shares on date 2023-07-05T16:02:00+00:00. The trade happened on date 2023-07-05,2023-06-28. Since the announcement was made after the date of trade and price fluctuations also indicate the presence of a fraud. Hence, we conclude that this trade can be a potential case of an insider trade...The changes in the stock prices of D C C P L C can be attributed to various factors. On Monday, the stock rose by 0.30% to £44.11, outperforming the market. However, it was a grim trading session for the stock market as a whole, with the FTSE 100 Index experiencing a downturn. You can read more about it [here](https://www.marketwatch.com/story/d-c-c-p-l-c-rises-monday-outperforms-market-b4f0c50-aa3e222d0afd).

On Friday, the stock rallied by 2.07% to £43.98, also outperforming the market. It was a great trading session for the stock market, with the FTSE 100 Index performing well. Further details can be found [here](https://www.marketwatch.com/story/d-c-c-p-l-c-rises-friday-outperforms-market-b8a9641e-b2f06c1cfb1e).

However, on Thursday, the stock fell by 1.89% to £43.09, underperforming the market. The stock market experienced a grim trading session, and the FTSE 100 Index also declined. More information can be found [here](https://www.marketwatch.com/story/d-c-c-p-l-c-falls-thursday-underperforms-market-d86eedfb-daeeaa8807d7).

Similarly, on Wednesday, the stock slipped by 1.17% to £43.20, underperforming the market. The overall trading session for the stock market was poor, and the FTSE 100 Index also experienced a downturn. You can find additional details [here](https://www.marketwatch.com/story/d-c-c-p-l-c-falls-wednesday-underperforms-market-e22ca965-155b21a120f0).

Lastly, on Tuesday, the stock inched down by 0.91% to £43.71, underperforming the market. It was a rough trading session for the stock market, and the FTSE 100 Index also faced challenges. For more information, you can visit [this link](https://www.marketwatch.com/story/d-c-c-p-l-c-falls-tuesday-underperforms-market-952b99f3-15987c164f8d).

These fluctuations in the stock prices of D C C P L C can be influenced by various factors such as market conditions, investor sentiment, company performance, economic indicators, and industry trends. It is important to analyze these factors in order to understand the specific reasons behind the changes in stock prices.",1689095286,0
0000001,admin,Identify if there is any possibility of insider trade for the trade of shares of AAPL on date 2023-07-05,1689095373,0
0000001,llm,"As per our investigations and calculations, the provided trade does not indicate any drastic price fluctuations in the stock prices of AAPL. Hence, we conclude that there is not a possibility of an insider trade in this case.",1689095373,0
0000001,admin,"hi
",1743654751,0
0000001,admin,hi,1743728357,0
